Book Id,Title,Author,Author l-f,Additional Authors,ISBN,ISBN13,My Rating,Average Rating,Publisher,Binding,Number of Pages,Year Published,Original Publication Year,Date Read,Date Added,Bookshelves,Bookshelves with positions,Exclusive Shelf,My Review,Spoiler,Private Notes,Read Count,Recommended For,Recommended By,Owned Copies,Original Purchase Date,Original Purchase Location,Condition,Condition Description,BCID
35496817,Atomic Design,Brad Frost,"Frost, Brad",,"=""0998296600""","=""9780998296609""",0,4.04,Brad Frost,Paperback,189,2016,2016,,2017/01/27,to-read,to-read (#39),to-read,,,,0,,,0,,,,,
37556279,Powerful: Building a Culture of Freedom and Responsibility,Patty McCord,"McCord, Patty",,"=""""","=""""",0,4.15,Silicon Guild,Kindle Edition,228,2018,2018,,2019/09/21,currently-reading,currently-reading (#14),currently-reading,,,,1,,,0,,,,,
39080433,Accelerate: The Science of Lean Software and DevOps: Building and Scaling High Performing Technology Organizations,Nicole Forsgren,"Forsgren, Nicole","Jez Humble, Gene Kim","=""""","=""""",0,4.09,IT Revolution Press,Kindle Edition,288,2018,,,2018/10/10,currently-reading,currently-reading (#13),currently-reading,,,,1,,,0,,,,,
39850907,Transforming NOKIA: The Power of Paranoid Optimism to Lead Through Colossal Change,Risto Siilasmaa,"Siilasmaa, Risto",,"=""""","=""""",5,4.16,McGraw-Hill Education,Kindle Edition,337,2018,2018,2019/01/06,2019/01/05,my-background,my-background (#80),read,"Zajímavý vhled do dění v Nokii od uvedení iPhone do skoro současnosti. Knihu jsem četl jedním dechem. Pro mne je psaná zajímavým až strhujícím způsobem. Občas se až moc opakuje Paranoidní optimismus, ale asi je to hlavní myšlenka, kterou chce autor v knize prodat. Určitě je tam spousta lessons learned jak pro podnikatele, tak pro krizové manažery, tak pro řadové vývojáře. Absence technických kompetencí v softwareové části korporace byla jednou z příčin, že tak velká firma nebyla schopná adekvátně zareagovat na to, co se na trhu stalo, ani během 4 let.",,,1,,,0,,,,,
13186798,"The Sphinx of the Ice Realm: The First Complete English Translation, with the Full Text of the Narrative of Arthur Gordon Pym by Edgar Allan Poe",Jules Verne,"Verne, Jules","Edgar Allan Poe, Frederick Paul Walter","=""1438442114""","=""9781438442112""",3,4.02,State University of New York Press,Hardcover,435,2012,,2013/05/29,2014/01/02,,,read,,,,1,,,1,,,unspecified,,
29939161,Radical Candor: Be a Kickass Boss Without Losing Your Humanity,Kim Malone Scott,"Scott, Kim Malone",,"=""1250103509""","=""9781250103505""",0,4.15,St. Martin's Press,Hardcover,246,2017,2017,,2018/10/24,to-read,to-read (#45),to-read,,,,0,,,0,,,,,
25238425,The Effective Engineer: How to Leverage Your Efforts In Software Engineering to Make a Disproportionate and Meaningful Impact,Edmond Lau,"Lau, Edmond",,"=""0996128107""","=""9780996128100""",0,4.29,Effective Bookshelf,Paperback,260,2015,2015,,2017/05/19,currently-reading,currently-reading (#11),currently-reading,,,,1,,,0,,,,,
10127019,The Lean Startup: How Today's Entrepreneurs Use Continuous Innovation to Create Radically Successful Businesses,Eric Ries,"Ries, Eric",,"=""0307887898""","=""9780307887894""",0,4.10,Currency,Hardcover,299,2011,2011,,2017/05/19,currently-reading,currently-reading (#12),currently-reading,,,,1,,,0,,,,,
23550611,Cognitive Productivity: Using Knowledge to Become Profoundly Effective,Luc P. Beaudoin,"Beaudoin, Luc P.",,"=""""","=""""",0,4.08,CogZest,ebook,392,2014,2013,,2017/10/10,currently-reading,currently-reading (#10),currently-reading,,,,1,,,0,,,,,
18867166,"SOA with REST: Principles, Patterns & Constraints for Building Enterprise Solutions with REST (The Prentice Hall Service Technology Series from Thomas Erl)",Thomas Erl,"Erl, Thomas","Benjamin Carlyle, Cesare Pautasso, Raj Balasubramanian, Herbj¿rn Wilhelmsen, David Booth","=""""","=""""",0,3.74,Prentice Hall,Kindle Edition,624,2012,2011,,2014/01/02,to-read,to-read (#44),to-read,,,,0,,,1,,,unspecified,,
9815847,The Elements of Content Strategy,Erin Kissane,"Kissane, Erin",,"=""""","=""""",0,3.74,A Book Apart,Paperback,88,2011,2011,,2015/04/19,to-read,to-read (#43),to-read,,,,0,,,0,,,,,
21889359,The Art of Application Performance Testing: From Strategy to Tools,Ian Molyneaux,"Molyneaux, Ian",,"=""1491900547""","=""9781491900543""",0,3.68,O'Reilly Media,Paperback,278,2015,2014,,2015/04/28,to-read,to-read (#42),to-read,,,,0,,,0,,,,,
28789828,Unlocking the Magic of Facilitation: 11 Key Concepts You Didn't Know You Didn't Know,Sam Killermann,"Killermann, Sam",Meg Bolger,"=""""","=""""",4,4.02,Impetus Books,Kindle Edition,133,2016,,2017/10/10,2017/05/01,,,read,K facilitaci jsem se dostal díky Coderetreatu a postupem času jsem začal chápat co dělám špatně a co se daří. Pak jsem poznal Vaška Lavičku a začal jsem za facilitací vidět mnohem náročnější disciplínu než jsem si zpočátku myslel. Každopádně je to skvělý způsob učení a vzdělávání.<br/><br/>Tahle kniha přináší spoustu postřehů a zkušeností z facilitační praxe. Rozhodně doporučuji.,,,1,,,0,,,,,
31159768,Elements of Clojure,Zachary Tellman,"Tellman, Zachary",,"=""""","=""""",0,4.24,Leanpub,ebook,120,2019,,,2017/09/16,currently-reading,currently-reading (#9),currently-reading,,,,1,,,0,,,,,
19201113,Parallel Programming with Microsoft® .NET: Design Patterns for Decomposition and Coordination on Multicore Architectures (Patterns & Practices),Colin Campbell,"Campbell, Colin","Ralph Johnson, Ade Miller, Stephen Toub","=""""","=""""",4,3.70,Microsoft Press,Kindle Edition,224,2010,2010,2010/10/20,2014/06/05,my-background,my-background (#14),read,,,,1,,,0,,,,,
18652792,Inspired: How To Create Products Customers Love,Marty Cagan,"Cagan, Marty",,"=""""","=""9780981690414""",0,4.25,SVPG Press,Kindle Edition,241,2008,2008,,2017/01/20,currently-reading,currently-reading (#7),currently-reading,,,,1,,,0,,,,,
28700420,Practical Feng Shui For The Office: Finding Your Individual Balance in the Workplace,Kathryn Wilking,"Wilking, Kathryn",,"=""""","=""""",4,4.00,,Kindle Edition,142,2015,,2017/01/20,2017/01/15,my-background,my-background (#79),read,,,,1,,,0,,,,,
19371979,One Small Step Can Change Your Life: The Kaizen Way,Robert Maurer,"Maurer, Robert",,"=""0761129235""","=""""",5,4.08,Workman Publishing Company,Hardcover,228,2004,2009,2013/08/21,2014/01/02,"my-background, favorites","my-background (#78), favorites (#26)",read,,,,1,,,1,,,unspecified,,
22719521,The Docker Book: Containerization is the new virtualization,James Turnbull,"Turnbull, James",,"=""""","=""""",0,3.95,James Turnbull,Kindle Edition,246,2014,2014,2016/01/05,2014/09/02,my-background,my-background (#77),read,,,,1,,,0,,,,,
23827335,Extreme Programming Explained: Embrace Change,Kent Beck,"Beck, Kent",Cynthia Andres,"=""""","=""""",0,4.08,Addison-Wesley Professional,Kindle Edition,218,2004,1999,2016/01/05,2014/12/25,my-background,my-background (#76),read,,,,1,,,0,,,,,
26176424,Leadership BS: Fixing Workplaces and Careers One Truth at a Time,Jeffrey Pfeffer,"Pfeffer, Jeffrey",,"=""""","=""""",4,3.86,HarperBusiness,Kindle Edition,277,2015,2015,2016/09/25,2015/10/22,my-background,my-background (#75),read,,,,1,,,0,,,,,
19084476,Remote Pairing: Collaborative Tools for Distributed Development,Joe Kutner,"Kutner, Joe",,"=""1937785742""","=""9781937785741""",3,3.40,Pragmatic Bookshelf,Paperback,108,2013,2013,,2016/01/02,my-background,my-background (#74),read,,,,1,,,0,,,,,
25276703,"Ruby Performance Optimization: Why Ruby Is Slow, and How to Fix It",Alexander Dymo,"Dymo, Alexander",,"=""1680500694""","=""9781680500691""",0,4.04,Pragmatic Bookshelf,ebook,170,2015,2015,2016/03/28,2016/01/04,my-background,my-background (#73),read,,,,1,,,0,,,,,
28183803,AWS Lambda: A Guide to Serverless Microservices,Matthew Fuller,"Fuller, Matthew",,"=""""","=""""",3,3.85,,Kindle Edition,132,2016,,2016/02/23,2016/02/07,my-background,my-background (#72),read,,,,1,,,0,,,,,
28485920,Get Ready for CSS Grid Layout,Rachel Andrew,"Andrew, Rachel",Eric Meyer,"=""""","=""9781937557270""",3,3.85,A Book Apart,ebook,56,2016,,2016/03/29,2016/03/29,my-background,my-background (#71),read,,,,1,,,0,,,,,
17229509,The Healthy Programmer,Joe Kutner,"Kutner, Joe",,"=""1937785319""","=""9781937785314""",4,3.76,The Pragmatic Bookshelf,ebook,220,2013,2013,2017/05/15,2016/10/17,"my-background, favorites","my-background (#70), favorites (#25)",read,"Kniha, navzdory svému názvu, je určená všem lidem, co mají sedavé zaměstnání a chtějí vyřešit problémy z něj plynoucí nebo jim předcházet.<br/><br/>Probírá různé mýty, které mezi lidmi kolují a rozporuje je na základě vědeckých studií. Volí také zajímavé metodické postupy, které lidé z branže mohou znát z projektového řízení nebo samotného přístupu k tvorbě kódu. Rozhodně se seznámíte s technikami jako je Kanban, Kaizen, Pomodoro, Unit testing, Refactoring a Retrospektiva. Uvidíte, že jde o obecné techniky aplikovatelné nejen na vývoj a údržbu software, ale i na fitness a mentální zdraví.<br/><br/>Pokud si chcete odnést jednu věc z knihy. Hýbejte se. Snažte se často chodit. 250 kroků za hodinu není moc, ale stačí to k tomu, abyste byli zdravější. Běžet jednou za čas velkou vzdálenost nestačí.",,,1,,,0,,,,,
43713,Structure and Interpretation of Computer Programs (MIT Electrical Engineering and Computer Science),Harold Abelson,"Abelson, Harold","Gerald Jay Sussman, Julie Sussman","=""0262510871""","=""9780262510875""",0,4.46,MIT Press,Paperback,657,1996,1984,,2014/08/05,currently-reading,currently-reading (#8),currently-reading,,,,1,,,0,,,,,
33252815,Production-Ready Microservices: Building Standardized Systems Across an Engineering Organization,Susan J. Fowler,"Fowler, Susan J.",Susan Fowler,"=""1491965940""","=""9781491965948""",0,3.78,O'Reilly Media,Paperback,153,2016,2016,,2017/03/25,to-read,to-read (#41),to-read,,,,0,,,0,,,,,
12514436,"Co-Active Coaching: Changing Business, Transforming Lives",Laura Whitworth,"Whitworth, Laura","Henry Kimsey-House, Karen Kimsey-House, Phillip Sandahl","=""1857889061""","=""9781857889062""",0,4.18,Nicholas Brealey Publishing,ebook,206,2011,1998,,2017/01/27,to-read,to-read (#40),to-read,,,,0,,,0,,,,,
4100,Behind Closed Doors: Secrets of Great Management,Johanna Rothman,"Rothman, Johanna",Esther Derby,"=""0976694026""","=""9780976694021""",0,3.97,Pragmatic Bookshelf,Paperback,176,2005,2005,,2017/01/27,to-read,to-read (#38),to-read,,,,0,,,0,,,,,
18167218,Lean Enterprise: How High Performance Organizations Innovate at Scale,Jez Humble,"Humble, Jez","Joanne Molesky, Barry O'Reilly","=""1449368425""","=""9781449368425""",0,4.25,O'Reilly Media,Hardcover,352,2014,2014,,2017/01/27,to-read,to-read (#37),to-read,,,,0,,,0,,,,,
27968891,Site Reliability Engineering: How Google Runs Production Systems,Betsy Beyer,"Beyer, Betsy","Chris     Jones, Jennifer Petoff, Niall Richard Murphy","=""149192912X""","=""9781491929124""",0,4.23,O'Reilly Media,Paperback,552,2016,2016,,2017/01/27,to-read,to-read (#36),to-read,,,,0,,,0,,,,,
25983112,Co-Active Leadership: Five Ways to Lead,Karen Kimsey-House,"Kimsey-House, Karen",Henry Kimsey-House,"=""""","=""""",4,3.81,Berrett-Koehler Publishers,Kindle Edition,160,2015,2015,2017/01/15,2016/12/29,"my-background, favorites","my-background (#69), favorites (#24)",read,,,,1,,,0,,,,,
67839,Planning Extreme Programming,Kent Beck,"Beck, Kent",Martin Fowler,"=""0201710919""","=""9780201710915""",0,3.91,Addison-Wesley Professional,Paperback,139,2000,2000,,2016/12/26,to-read,to-read (#35),to-read,,,,0,,,0,,,,,
161302,Refactoring Databases: Evolutionary Database Design,Scott W. Ambler,"Ambler, Scott W.",Pramod J. Sadalage,"=""0321293533""","=""9780321293534""",0,3.71,Addison Wesley,Hardcover,384,2006,2006,,2016/12/26,to-read,to-read (#34),to-read,,,,0,,,0,,,,,
781559,Implementation Patterns,Kent Beck,"Beck, Kent",,"=""0321413091""","=""9780321413093""",5,3.62,Addison-Wesley Professional,Paperback,157,2007,2006,2016/12/24,2015/04/19,"my-background, favorites","my-background (#68), favorites (#23)",read,"Na knihu jsem narazil v podstatě náhodou, když jsem si objednával [b:Test Driven Development: By Example|387190|Test Driven Development  By Example|Kent Beck|https://images.gr-assets.com/books/1372039943s/387190.jpg|376827], tak jsem si přihodil do košíku, ať není poštovné příliš velkým podílem na ceně. :)<br/><br/>Tato kniha vyšla ve stejný čas jako [b:Clean Code: A Handbook of Agile Software Craftsmanship|3735293|Clean Code  A Handbook of Agile Software Craftsmanship|Robert C. Martin|https://images.gr-assets.com/books/1436202607s/3735293.jpg|3779106], ale není tak známá. Já ji však považuji za mnohem kvalitnější knihu věnující se stejné problematice - čistému kódu. Možná je to absencí Uncle Bobovy agitky, možná Kentovou rozvážností a schopností zamýšlet se nad tím, co, proč a jak dělá.<br/><br/>Skvěle jsou ukázány rozdíly v přemýšlení při návrhu aplikačního kódu a knihoven/frameworků.<br/><br/>Doporučuji jako povinnou četbu.<br/><br/>",,,1,,,1,,,Good,,
24075044,Clojure Applied: From Practice to Practitioner,Ben Vandgrift,"Vandgrift, Ben",Alex Miller,"=""""","=""""",5,4.08,The Pragmatic Bookshelf,ebook,238,2015,2015,2016/09/03,2015/09/26,"favorites, my-background","favorites (#22), my-background (#67)",read,"Kniha je průvodcem středně pokročilého vývojáře v Clojure do tvorby dobře navržených a udržovatelných služeb a aplikací. Od návrhu doménového modelu a abstrakcí, přes generativní testování po strukturování a kompozici kompletních aplikací. Must read, pokud to s Clojure myslíte vážně.",,,1,,,0,,,,,
31946237,Clojure Polymorphism,Paul Stadig,"Stadig, Paul",,"=""""","=""""",5,4.06,,Kindle Edition,39,2016,,2016/12/18,2016/12/18,"my-background, favorites","my-background (#66), favorites (#21)",read,"Krátká, ale informace nabušená kniha s ukázkou několika přístupů jak řešit v Clojure polymorfismus. U každého přístupu jsou rozebrány přínosy i co za to platíme. Pokud ještě nemáte design patterns pro tvorbu funkcionálních kompozicí a abstrakcí v krvi, určitě vás tato kniha obohatí.",,,1,,,0,,,,,
18395310,Out of the Tar Pit,Ben Moseley,"Moseley, Ben",Peter Marks,"=""""","=""""",0,4.21,,Whitepaper,66,2006,2006,,2016/11/27,currently-reading,currently-reading (#5),currently-reading,,,,1,,,0,,,,,
376922,"Invasion of the Sea (Extraordinary Voyages, #54)",Jules Verne,"Verne, Jules",,"=""081956558X""","=""9780819565587""",0,3.23,Wesleyan University Press,Paperback,258,2007,1904,2016/09/18,2016/09/04,,,read,,,,1,,,0,,,,,
13612272,Sex,Osho,"Osho, Osho",,"=""8072051202""","=""9788072051205""",0,3.97,Pragma,,100,,,,2016/09/03,,,read,,,,1,,,0,,,,,
31560020,"Šaolin - Nemusíš bojovat, abys zvítězil",Bernhard Moestl,"Moestl, Bernhard",Vladimír Čadský,"=""""","=""9788073064297""",0,3.77,Beta - Pavel Dobrovský,Hardcover,232,2010,2008,,2016/08/28,to-read,to-read (#33),to-read,,,,0,,,0,,,,,
436562,R.U.R.,Karel Čapek,"Čapek, Karel","Paul Selver, Nigel Playfair","=""0486419266""","=""9780486419268""",0,3.88,"Dover Publications, Inc.",Paperback,58,2001,1920,,2014/09/22,,,read,,,,1,,,0,,,,,
27858035,Amazon DynamoDB Getting Started Guide,Amazon Web Services,"Services, Amazon Web",,"=""""","=""""",2,3.41,,Kindle Edition,242,2015,,2016/08/13,2016/02/23,,,read,,,,1,,,0,,,,,
18744854,AWS CloudFormation User Guide,Amazon Web Services,"Services, Amazon Web",,"=""""","=""""",0,3.91,,Kindle Edition,951,2013,2012,2016/08/13,2016/07/18,,,read,,,,1,,,0,,,,,
30834495,Ten Steps to Linux Survival,James Lehmer,"Lehmer, James",,"=""""","=""9781491959183""",3,3.29,O'Reilly,ebook,74,2016,,,2016/07/18,,,read,,,,1,,,0,,,,,
17744,The Visual Display of Quantitative Information,Edward R. Tufte,"Tufte, Edward R.",,"=""0961392142""","=""9780961392147""",0,4.40,Graphics,Hardcover,197,2011,1983,,2016/01/29,to-read,to-read (#32),to-read,,,,0,,,0,,,,,
17306334,"Guitar Mastery Simplified: How Anyone Can Quickly Become a Strumming, Chords, and Lead Guitar Ninja",Erich Andreas,"Andreas, Erich",,"=""""","=""""",0,3.50,,Kindle Edition,151,2012,2012,2016/01/05,2014/09/10,,,read,,,,1,,,0,,,,,
25837130,Remote Pairing: Collaborative Tools for Distributed Development,Joe Kutner,"Kutner, Joe",,"=""""","=""""",3,3.40,Pragmatic Bookshelf,Kindle Edition,108,2013,2013,2016/01/02,2015/12/31,,,read,"Většina textu je o setupu tmuxu, pak cloudový instance v EC2, pak Eclipse a semtam krátká zmínka alternativních nástrojích, které mě zajímají mnohem více. Takže si Screenhero, appears.in a Floobits budu stejně muset prozkoumat sám.<br/><br/>Každopádně velký přïnost pro mne měla kniha v první a v poslední kapitole. V první jsem si snad odboural bias ohledně nutnosti kolokace při párování. Poslední kapitola přináší zkušenosti z firem, které takto fungují - jako Pivotal nebo Relevance (dnes Cognitect). Jako motivační intro do RPP dobrý.",,,1,,,0,,,,,
63432,"3001: The Final Odyssey (Space Odyssey, #4)",Arthur C. Clarke,"Clarke, Arthur C.",,"=""0345438205""","=""9780345438201""",4,3.56,Del Rey,Mass Market Paperback,272,1999,1997,2015/12/22,2015/11/29,,,read,,,,1,,,0,,,,,
112517,"Rama Revealed (Rama, #4)",Arthur C. Clarke,"Clarke, Arthur C.",Gentry Lee,"=""1857232526""","=""9781857232523""",4,3.75,Orbit,Paperback,633,1998,1993,2015/11/17,2015/11/16,,,read,,,,1,,,0,,,,,
112518,"The Garden of Rama (Rama, #3)",Arthur C. Clarke,"Clarke, Arthur C.",Gentry Lee,"=""1857230213""","=""9781857230215""",3,3.79,Orbit,Mass Market Paperback,593,1993,1973,2015/10/22,2015/10/10,,,read,,,,1,,,0,,,,,
25916740,"Your Code as a Crime Scene: Use Forensic Techniques to Arrest Defects, Bottlenecks, and Bad Design in Your Programs (The Pragmatic Programmers)",Adam Tornhill,"Tornhill, Adam",,"=""""","=""""",0,3.62,Pragmatic Bookshelf,Kindle Edition,221,2015,2014,,2015/09/26,currently-reading,currently-reading (#4),currently-reading,,,,1,,,0,,,,,
1872416,"Michael Strogoff (Extraordinary Voyages, #14)",Jules Verne,"Verne, Jules",,"=""""","=""""",5,3.90,,,324,,1876,2015/09/25,2015/09/25,,,read,,,,1,,,0,,,,,
35816,"2061: Odyssey Three (Space Odyssey, #3)",Arthur C. Clarke,"Clarke, Arthur C.",,"=""0586203192""","=""9780586203194""",3,3.58,Voyager,Paperback,302,1997,1987,2015/08/18,2015/08/17,,,read,,,,1,,,0,,,,,
70539,"2010: Odyssey Two (Space Odyssey, #2)",Arthur C. Clarke,"Clarke, Arthur C.",,"=""0345413970""","=""9780345413970""",4,3.92,Del Rey,Paperback,320,1997,1982,2015/08/13,2015/08/17,,,read,,,,1,,,0,,,,,
22512931,Building Microservices: Designing Fine-Grained Systems,Sam Newman,"Newman, Sam",,"=""1491950358""","=""9781491950357""",0,4.18,O'Reilly Media,Paperback,262,2015,2014,,2015/06/16,to-read,to-read (#31),to-read,,,,0,,,0,,,,,
23526564,Holacracy: The New Management System for a Rapidly Changing World,Brian J. Robertson,"Robertson, Brian J.",,"=""162779428X""","=""9781627794282""",0,3.67,Henry Holt and Co.,Hardcover,240,2015,2015,,2015/06/07,currently-reading,currently-reading (#3),currently-reading,,,,1,,,0,,,,,
25668539,The Software Paradox,Stephen O’Grady,"O’Grady, Stephen",,"=""""","=""9781491900932""",4,3.89,O'Reilly,ebook,62,2015,2015,2015/06/05,2015/06/04,my-background,my-background (#65),read,"Hodně zajímavá kniha, která mi připomněla jak jsme se snažil přesvědčit vedení firmy, že nový produkt, který vyvýjíme nebudeme schopný prodávat jako krabici, ale musí fungovat jako SaaS. Ačkoliv jsem měl i lehkou podporu z obchodu, tak se stejně pokračovalo v krabicáku a raději se zaměřili na implementaci CRM, kde se utopila nejen spousta peněz a dobrých lidí na spoustu měsíců, ale delivery nebyla nakonec žádná. Jak jsem čekal a předpovídal. Snad vám přečtení této knihy pomůže být prozíravější. ;)<br/><br/>Taky jsem si u čtení uvědomil jednu zásadní věc. Na vývoj software mám určitý pohled, který spoustě lidí přijde jako extrémní, neslučitelný s tím jak oni tvoří a udržují kód. Ta věc je ta, že já celou svou kariéru tvořím služby a to i když dělám krabičák. V knize je ten rozdíl hezky popsán. To co já cítím tak nějak intuitivně, tak tam je to popsáno i pro lidi co znají jen ekonomické poučky.",,,1,,,0,,,,,
18194084,Introducing Elixir: Getting Started in Functional Programming,Simon St.Laurent,"St.Laurent, Simon",J. David Eisenberg,"=""1449371701""","=""9781449371708""",0,3.55,O'Reilly Media,ebook,250,2013,2013,,2015/05/11,currently-reading,currently-reading (#2),currently-reading,,,,1,,,0,,,,,
25426365,http2 explained,Daniel Stenberg,"Stenberg, Daniel",,"=""""","=""""",3,3.82,,ebook,31,,,2015/04/24,2015/04/28,my-background,my-background (#64),read,,,,1,,,0,,,,,
337302,xUnit Test Patterns: Refactoring Test Code,Gerard Meszaros,"Meszaros, Gerard",,"=""0131495054""","=""9780131495050""",3,3.93,Addison-Wesley Professional,Hardcover,883,2007,2003,2009/01/01,2014/01/02,my-background,my-background (#63),read,,,,1,,,1,,,unspecified,,
84983,"Agile Principles, Patterns, and Practices in C#",Robert C. Martin,"Martin, Robert C.",Micah Martin,"=""0131857258""","=""9780131857254""",3,4.31,Prentice Hall,Hardcover,732,2006,2006,,2014/01/02,my-background,my-background (#62),read,,,,1,,,1,,,unspecified,,
85009,Design Patterns: Elements of Reusable Object-Oriented Software,Erich Gamma,"Gamma, Erich","Ralph Johnson, John Vlissides, Richard Helm","=""0201633612""","=""9780201633610""",0,4.18,Addison-Wesley Professional,Hardcover,416,1994,1994,,2014/01/02,my-background,my-background (#61),read,,,,1,,,1,,,unspecified,,
3735293,Clean Code: A Handbook of Agile Software Craftsmanship,Robert C. Martin,"Martin, Robert C.",,"=""0132350882""","=""9780132350884""",4,4.40,Prentice Hall,Paperback,434,2008,2007,,2014/01/02,"favorites, my-background","favorites (#20), my-background (#60)",read,,,,1,,,1,,,unspecified,,
3856,User Stories Applied: For Agile Software Development,Mike Cohn,"Cohn, Mike",Kent Beck,"=""0321205685""","=""9780321205681""",0,3.88,Addison-Wesley Professional,Paperback,268,2004,2004,,2014/01/02,my-background,my-background (#59),read,,,,1,,,1,,,unspecified,,
85050,Applying Domain-Driven Design and Patterns : With Examples in C# and .NET,Jimmy Nilsson,"Nilsson, Jimmy",,"=""0321268202""","=""9780321268204""",3,3.59,Addison-Wesley Professional,Hardcover,528,2006,2006,,2014/01/02,my-background,my-background (#58),read,,,,1,,,1,,,unspecified,,
387190,Test Driven Development: By Example,Kent Beck,"Beck, Kent",,"=""0321146530""","=""9780321146533""",5,4.08,Addison-Wesley Professional,Paperback,216,2002,2002,2012/07/29,2014/01/02,"my-background, favorites","my-background (#57), favorites (#19)",read,,,,1,,,1,,,unspecified,,
85012,"Enterprise Integration Patterns: Designing, Building, and Deploying Messaging Solutions",Gregor Hohpe,"Hohpe, Gregor",Bobby Woolf,"=""0321200683""","=""0785342200683""",0,4.09,Addison-Wesley Professional,Hardcover,736,2003,2003,2010/08/01,2014/01/02,my-background,my-background (#56),read,,,,1,,,1,,,unspecified,,
3368,Don't Make Me Think: A Common Sense Approach to Web Usability,Steve Krug,"Krug, Steve",,"=""0321344758""","=""9780321344755""",3,4.25,New Riders Publishing,Paperback,201,2005,2000,,2014/01/02,"favorites, my-background","favorites (#18), my-background (#55)",read,,,,1,,,1,,,unspecified,,
67833,Extreme Programming Explained: Embrace Change (The XP Series),Kent Beck,"Beck, Kent",Cynthia Andres,"=""0321278658""","=""9780321278654""",4,4.08,Addison-Wesley Professional,Paperback,224,2004,1999,2014/12/25,2014/01/02,"my-background, favorites","my-background (#54), favorites (#17)",read,,,,1,,,0,,,,,
1353360,Software Engineering with Microsoft Visual Studio Team System,Sam Guckenheimer,"Guckenheimer, Sam",,"=""0321278720""","=""9780321278722""",0,3.60,Addison-Wesley Professional,Paperback,255,2006,2006,,2014/01/02,my-background,my-background (#53),read,,,,1,,,1,,,unspecified,,
67836,Extreme Programming Pocket Guide,chromatic,"chromatic, chromatic",Shane Warden,"=""0596004850""","=""9780596004859""",4,3.78,O'Reilly Media,Paperback,90,2003,2003,2013/09/18,2014/01/02,"favorites, my-background","favorites (#16), my-background (#52)",read,,,,1,,,1,,,unspecified,,
46081,Beginning Ruby on Rails,Steven Holzner,"Holzner, Steven",,"=""0470069155""","=""9780470069158""",0,3.14,Wrox Press,Paperback,380,2006,2006,2009/01/01,2014/01/02,my-background,my-background (#51),read,,,,1,,,1,,,unspecified,,
6988746,Html5: Up and Running: Dive Into the Future of Web Development,Mark Pilgrim,"Pilgrim, Mark",,"=""0596806027""","=""9780596806026""",2,3.96,O'Reilly Media,Paperback,207,2010,2010,2011/01/01,2014/01/02,my-background,my-background (#50),read,,,,1,,,1,,,unspecified,,
6438581,Even Faster Web Sites,Steve Souders,"Souders, Steve","Tim O'Reilly, O'Reilly & Associates","=""0596522304""","=""9780596522308""",3,3.96,O'Reilly Media,Paperback,256,2009,2009,,2014/01/02,"my-background, favorites","my-background (#49), favorites (#15)",read,,,,1,,,1,,,unspecified,,
1654215,The Art of Agile Development,James Shore,"Shore, James",Shane Warden,"=""0596527675""","=""9780596527679""",3,3.96,O'Reilly Media,Paperback,440,2007,2007,2010/01/01,2014/01/02,"my-background, favorites","my-background (#48), favorites (#14)",read,,,,1,,,1,,,unspecified,,
2129308,Building Web Solutions with ASP.Net and ADO.NET,Dino Esposito,"Esposito, Dino",Dino Esposito,"=""0735615780""","=""9780735615786""",0,3.71,Microsoft Press,Paperback,416,2002,2002,,2014/01/02,my-background,my-background (#47),read,,,,1,,,1,,,unspecified,,
231164,Applied XML Programming for Microsoft® .NET,Dino Esposito,"Esposito, Dino",Esposito (Wintellect) Dino,"=""0735618011""","=""9780735618015""",0,3.54,Microsoft Press,Paperback,720,2002,2002,,2014/01/02,my-background,my-background (#46),read,,,,1,,,1,,,unspecified,,
9017983,Moving Applications to the Cloud on the Microsoft Azure� Platform,Eugenio Pace,"Pace, Eugenio","Dominic Betts, Scott Densmore, Ryan Dunn, Masashi Narumoto, Matias Woloski","=""0735649677""","=""9780735649675""",2,3.67,Microsoft Press,Paperback,176,2010,2010,,2014/01/02,my-background,my-background (#45),read,,,,1,,,1,,,unspecified,,
1659737,Speed Up Your Site: Web Site Optimization,Andrew B. King,"King, Andrew B.",,"=""0735713243""","=""9780735713246""",4,3.54,New Riders Publishing,Paperback,528,2003,2003,,2014/01/02,my-background,my-background (#44),read,,,,1,,,1,,,unspecified,,
9263923,Parallel Programming with Microsoft .NET: Design Patterns for Decomposition and Coordination on Multicore Architectures,Colin Campbell,"Campbell, Colin","Ralph Johnson, Ade Miller, Stephen Toub","=""0735651590""","=""9780735651593""",4,3.70,Microsoft Press,Paperback,224,2010,2010,,2014/01/02,my-background,my-background (#43),read,Velmi p����kn���� vkro����en���� do problematiky paraleln���� vykon����van����ho k����du.,,,1,,,1,,,unspecified,,
7049142,Showstopper! the Breakneck Race to Create Windows NT and the Next Generation at Microsoft,G. Pascal Zachary,"Zachary, G. Pascal",Pascal G. Zachary,"=""0759285780""","=""9780759285781""",4,4.14,eReads.com,Paperback,338,2009,1994,2013/04/20,2014/01/02,my-background,my-background (#42),read,,,,1,,,1,,,unspecified,,
6934600,The Definitive Guide To F#,Don Syme,"Syme, Don","Adam Granicz, Antonio Cisternino","=""1430224312""","=""9781430224310""",0,4.20,,,,2010,2010,,2014/01/02,my-background,my-background (#41),read,,,,1,,,1,,,unspecified,,
20408314,Responsive Web Design,Ethan Marcotte,"Marcotte, Ethan",,"=""098444257X""","=""""",4,4.14,A Book Apart,Paperback,150,,2011,2015/03/25,2014/01/02,"favorites, my-background","favorites (#13), my-background (#40)",read,"Hezký průvodce v tvorbě responsivních webů. Knížka není moc dlouhá a má plno zajímavých podnětů k přemýšlení. Hezky zapadá do koncepce ostatních knih z A Book Apart. Jen bych očekával u druhého aktualizovanáho vydání, že ta aktualizace bude trochu rozsáhlejší, občas jsou některé věci dost out of date. Např. v knize není ani jednou zmíněn prohlížeč Chrome. Nadruhou stranu je to celkem fuk, protože zmíněné postupy fungují.",,,1,,,1,,,unspecified,,
15812003,ClojureScript: Up and Running,Stuart Sierra,"Sierra, Stuart",Luke VanderHart,"=""1449327435""","=""9781449327439""",3,3.30,O'Reilly Media,Paperback,116,2012,2012,2013/12/07,2014/01/02,my-background,my-background (#39),read,,,,1,,,1,,,unspecified,,
3405043,Pro Windows Powershell,Hristo Deshev,"Deshev, Hristo",,"=""1590599403""","=""9781590599402""",0,3.80,Apress,Paperback,493,2008,2008,,2014/01/02,my-background,my-background (#38),read,,,,1,,,1,,,unspecified,,
17716085,Clojure Data Analysis Cookbook,Eric Rochester,"Rochester, Eric",,"=""178216264X""","=""9781782162643""",0,3.61,Packt Publishing,Paperback,342,2013,2013,2014/08/25,2014/01/02,my-background,my-background (#37),read,,,,1,,,1,,,unspecified,,
603232,"A Programmer's Introduction to C#, Second Edition",Eric Gunnerson,"Gunnerson, Eric",,"=""1893115623""","=""9781893115620""",0,3.28,Apress,Paperback,540,2001,2000,2004/01/01,2014/01/02,my-background,my-background (#36),read,,,,1,,,1,,,unspecified,,
853147,The Quick Python Book,Daryl D. Harms,"Harms, Daryl D.",Kenneth McDonald,"=""1884777740""","=""9781884777745""",0,3.87,Manning Publications,Paperback,422,2000,2000,,2014/01/02,my-background,my-background (#35),read,,,,1,,,1,,,unspecified,,
6487349,The Art of Unit Testing: With Examples in .NET,Roy Osherove,"Osherove, Roy",,"=""1933988274""","=""9781933988276""",3,4.10,Manning Publications,Paperback,320,2009,2009,2010/01/01,2014/01/02,my-background,my-background (#34),read,,,,1,,,1,,,unspecified,,
5060029,Hibernate Search in Action,Emmanuel Bernard,"Bernard, Emmanuel",John Griffin,"=""1933988649""","=""9781933988641""",0,3.38,Manning Publications,Paperback,450,2009,2008,2008/01/01,2014/01/02,my-background,my-background (#33),read,,,,1,,,1,,,unspecified,,
2364113,NHibernate in Action,Pierre Henri Kuaté,"Kuaté, Pierre Henri","Christian Bauer, Gavin King, Pierre Henri Kuate, Tobin Harris","=""1932394923""","=""9781932394924""",0,3.58,Manning Publications,Paperback,400,2009,2007,2009/01/01,2014/01/02,my-background,my-background (#32),read,,,,1,,,1,,,unspecified,,
12693642,Lean from the Trenches,Henrik Kniberg,"Kniberg, Henrik",,"=""1934356859""","=""9781934356852""",5,4.21,Pragmatic Bookshelf,Paperback,176,2011,2011,2013/06/12,2014/01/02,"favorites, my-background","favorites (#12), my-background (#31)",read,,,,1,,,1,,,unspecified,,
8928078,Test-Drive ASP.NET MVC,Jonathan McCracken,"McCracken, Jonathan",,"=""1934356530""","=""9781934356531""",2,3.19,Pragmatic Bookshelf,Paperback,250,2010,2010,2011/01/01,2014/01/02,my-background,my-background (#30),read,,,,1,,,1,,,unspecified,,
18467564,Seven Concurrency Models in Seven Weeks: When Threads Unravel,Paul   Butcher,"Butcher, Paul",,"=""1937785653""","=""9781937785659""",5,3.82,Pragmatic Bookshelf,Paperback,267,2014,2014,2014/06/22,2014/01/02,"favorites, my-background","favorites (#11), my-background (#29)",read,"Tuto knihu mohu doporučit všem, co to myslí s vývojem aspoň trochu vázně. A je jedno jestli dělají front-end v JavaScriptu, back-end v PHP nebo nějakou enterprise aplikaci. Každý si tam najde něco, co mu pomůže podívat se na problematiku efektivního psaní aplikací z trochu jiného úhlu.<br/> <br/>Je zde srozumitelně popsán rozdíl mezi konkurencí, paralelismem a asynchronicitou. Jsou zde popsány různé přístupy k řešení konkurenčních přístupů s přihlédnutím k tomu, na jakou množinu problémů jsou vhodněšní či na jaké zcela nevhodné.<br/><br/>Ukázky v knize jsou v různých jazycích - ať už v provařené Javě nebo Céčku, tak i v moderních jazycích jako je Clojure nebo Elixir. Pokud tyto jazyky vůbec neznáte, nebojte se. Kniha vás s Clojure i Elixirem seznámí tak, abyste ukázky nejen pochopili, ale abyste byli schopní napsat v nich netriviální programy. Nečekejte důvěrné seznámení, ale úvod do programování v Clojure, ve které je značná část ukázek, v typických scénářích jejího užití.<br/><br/>Já osobně jsem se dozvěděl mnoho a to se této problematice věnuji již drahnou dobu. Dle mého názoru by tato kniha neměla chybět v žádné knihovně.",,,1,,,1,,,unspecified,,
18399028,Web Development with Clojure: Build Bulletproof Web Apps with Less Code,Dmitri Sotnikov,"Sotnikov, Dmitri",,"=""1937785645""","=""9781937785642""",3,3.54,The Pragmatic Programmers,Paperback,232,2014,2013,2015/04/19,2014/01/02,my-background,my-background (#28),read,,,,1,,,1,,,unspecified,,
15758128,Co programátory ve škole neučí aneb Softwarové inženýrství v reálné praxi,Petr Paleta,"Paleta, Petr",,"=""8025100731""","=""9788025100738""",2,3.40,Computer Press,Paperback,336,2003,2003,,2014/01/02,my-background,my-background (#27),read,,,,1,,,1,,,unspecified,,
15732688,Agilní programování: metodiky efektivního vývoje softwaru,Václav Kadlec,"Kadlec, Václav",,"=""8025103420""","=""9788025103425""",4,3.20,Computer Press,Paperback,278,2004,2004,,2014/01/02,"favorites, my-background","favorites (#10), my-background (#26)",read,,,,1,,,1,,,unspecified,,
1311542,Continuous Integration: Improving Software Quality and Reducing Risk,Paul Duvall,"Duvall, Paul","Steve Matyas, Andrew Glover","=""0321336380""","=""9780321336385""",3,3.80,Addison-Wesley Professional,Paperback,283,2007,2007,2010/08/01,2014/01/02,my-background,my-background (#25),read,,,,1,,,1,,,unspecified,,
17869230,Introduction to Rx,Lee Campbell,"Campbell, Lee",,"=""""","=""""",3,3.70,,Kindle Edition,354,2012,2012,2011/01/01,2014/01/02,my-background,my-background (#24),read,,,,1,,,1,,,unspecified,,
17925612,The Coding Dojo Handbook,Emily Bache,"Bache, Emily",,"=""""","=""""",4,4.16,leanpub.com,ebook,127,2013,2013,2013/11/17,2014/01/02,my-background,my-background (#23),read,,,,1,,,1,,,unspecified,,
12351513,Kanban,David J. Anderson,"Anderson, David J.",,"=""""","=""""",4,3.98,Blue Hole Press Inc,Kindle Edition,278,2013,2010,2011/01/01,2014/01/02,"favorites, my-background","favorites (#9), my-background (#22)",read,,,,1,,,1,,,unspecified,,
10284614,The Clean Coder: A Code of Conduct for Professional Programmers,Robert C. Martin,"Martin, Robert C.",,"=""0137081073""","=""9780137081073""",5,4.28,Prentice Hall,Paperback,210,2011,2011,2011/07/01,2014/01/02,"favorites, my-background","favorites (#8), my-background (#21)",read,,,,1,,,1,,,unspecified,,
17255897,"The Phoenix Project: A Novel About IT, DevOps, and Helping Your Business Win",Gene Kim,"Kim, Gene","Kevin Behr, George Spafford","=""""","=""9780988262577""",5,4.27,IT Revolution Press,ebook,376,2013,2013,2013/08/21,2014/01/02,"favorites, my-background","favorites (#7), my-background (#20)",read,,,,1,,,1,,,unspecified,,
19397151,Programming Reactive Extensions and Linq,Jesse Liberty,"Liberty, Jesse",Paul Betts,"=""1430237481""","=""9781430237488""",1,2.70,Apress,ebook,180,2011,2011,,2014/01/02,my-background,my-background (#19),read,,,,1,,,1,,,unspecified,,
11889509,"Slack: Getting Past Burnout, Busywork, and the Myth of Total Efficiency",Tom DeMarco,"DeMarco, Tom",,"=""""","=""""",5,4.01,Crown Business,Kindle Edition,240,2001,2001,2014/03/17,2014/01/02,my-background,my-background (#18),read,,,,1,,,1,,,unspecified,,
13266133,Leaders in Computing - Changing the digital world,BCS the Chartered Institute for IT,"IT, BCS the Chartered Institute for","Brian Runciman, Steve Wozniak, Donald Ervin Knuth, Grady Booch, Linus Torvaulds, Vint Cerf, Karen Spärck Jones, Tim Berners-Lee, Jimmy Wales, Stephanie Shirley","=""""","=""""",3,3.62,British Informatics Society Limited,Kindle Edition,75,2011,2011,2013/08/23,2014/01/02,my-background,my-background (#17),read,,,,1,,,1,,,unspecified,,
21841698,Understanding the Four Rules of Simple Design,Corey Haines,"Haines, Corey",,"=""""","=""""",4,4.13,,ebook,83,2014,2014,2014/04/02,2014/04/03,"favorites, my-background","favorites (#6), my-background (#16)",read,"Corry je jedním ze zakladatelů akce jménem Code Retreat. Jako dlouholetý facilitátor má možnost sledovat, jak různí vývojáři přistupují k tvorbě kódu a řešení problémů. Je to úžasný způsob, jak se učit a ověřovat své znalosti.<br/><br/>Kniha se zaměřuje na celkem úzce vymezené téma - 4 pravidla jednoduchého návrhu. Prochází pravidlo za pravidlem, ukazuje na různá řešení, která tyto pravidla porušují nebo naopak dodržují a jaké to má implikace na udržitelnost a případnou rozšiřitelnost návrhu.<br/><br/>Corry se také snaží vyvrátit některý zažité desinterpretace některých známých pravidel, jako je třeba DRY nebo co to je duplicita.<br/><br/>Mně osobně pomohla ujasnit si některé věci a doufám, že i posunout mě dál v roli facilitátora Code Retreatu.",,,1,,,0,,,,,
19193401,Moving Applications to the Cloud on the Microsoft AzureTM Platform (Patterns & Practices),Matias Woloski,"Woloski, Matias","Eugenio Pace, Dominic Betts, Scott Densmore, Ryan Dunn, Masashi Narumoto","=""""","=""""",3,3.33,Microsoft Press,Kindle Edition,176,2010,2010,2010/11/01,2014/06/05,my-background,my-background (#15),read,,,,1,,,0,,,,,
12867851,Cesta kaizen: Z malého kroku k velkému skoku,Robert Maurer,"Maurer, Robert",,"=""""","=""""",5,4.08,Pavel Dobrovský - BETA,Paperback,144,2005,2009,2013/08/21,2014/07/17,my-background,my-background (#13),read,,,,1,,,0,,,,,
17935767,CSS Animations (Pocket Guide),Val Head,"Head, Val",,"=""""","=""9781907828188""",3,3.68,5 Simple Steps,ebook,65,2013,2013,2014/08/01,2014/08/01,my-background,my-background (#12),read,,,,1,,,0,,,,,
15992715,An Introduction to Programming in Go,Caleb Doxsey,"Doxsey, Caleb",,"=""9781478355""","=""""",3,3.77,Creative  Commons  3.0,ebook,161,2012,2012,2015/03/15,2014/08/01,my-background,my-background (#11),read,"Rychlé intro do jazyka Go. Na mně je tam až příliš detailů pro začátečníky, ale chápu že nejsem cílovka. I tak jsem se seznámil se syntaxí a některými odlišnostmi a to za dvě hodiny. Za mně dobrý.",,,1,,,0,,,,,
22800559,Responsive Typography,Jason Pamental,"Pamental, Jason",,"=""1491907096""","=""9781491907092""",4,3.81,Adams Media,Paperback,110,2014,2014,2015/04/02,2014/08/01,"my-background, favorites","my-background (#10), favorites (#5)",read,"Velice dobře zpracovaná kniha o responsivním designuv souvislosti s typorafií. Skvěle mi zapadla do konceptu předchozích knih ([b:Mobile First|12910749|Mobile First|Luke Wroblewski|https://d.gr-assets.com/books/1318982714s/12910749.jpg|18065548], [b:Responsive Web Design|9815906|Responsive Web Design|Ethan Marcotte|https://d.gr-assets.com/books/1291401033s/9815906.jpg|16313898], [b:Responsive & Fast : Implementing High-Performance Responsive Design|22600901|Responsive & Fast   Implementing High-Performance Responsive Design|Guy Podjarny|https://d.gr-assets.com/books/1404019495s/22600901.jpg|42086535]) a pěkně to celé uzavřela a rozšířila. Vypadlo mi z toho jak vlastně k tvorbě stránek přistuju podvědomě už delší dobu: <br/><br/>Content First -  web začínáme stavět od samotného obsahu, na základě kterého vybíráme vhodné fonty a ladíme celkovou typografii. <br/>Mobile next - následuje layoutování pro mobilní zařízení.<br/>Progressive enhancement - přizpůsobujeme jak typografii, tak layouty pro vyšší rozlišení.<br/><br/>Doporučuju",,,1,,,0,,,,,
12910749,Mobile First,Luke Wroblewski,"Wroblewski, Luke",,"=""""","=""9781937557027""",3,3.91,A Book Apart,Paperback,130,2011,2011,2014/08/05,2014/08/03,my-background,my-background (#9),read,,,,1,,,0,,,,,
1001606,eXtreme Programming eXplained : embrace change,Kent Beck,"Beck, Kent",,"=""0201616416""","=""9780201616415""",5,4.08,Addison-Wesley,Paperback,190,2000,1999,2012/05/01,2014/08/04,"favorites, my-background","favorites (#4), my-background (#8)",read,,,,1,,,1,,,unspecified,,
18623259,The Twelve-Factor App,Adam Wiggins,"Wiggins, Adam",,"=""""","=""""",4,4.21,,ebook,39,2012,2012,2014/08/17,2014/08/17,my-background,my-background (#7),read,"Krátká knížka, kterou přelousknete za cestu autobusem. Přesto obsahuje v hutné formě spoustu zajímavých tipů, jak psát snadno deployovatelné a managovatelné webové služby (SaaS).<br/><br/>I když kniha předpokládá, že budete deployovat na UNIX like systém, jistě se dají tyto praktiky aplikovat i do světa Windows. Osobně jsem spoustu z nich na Windows praktikoval.<br/><br/>Doporočuji k přečtení všem, i těm, co zrovna SaaS nepíší.   ",,,1,,,0,,,,,
20358837,Getting Value out of Agile Retrospectives - A Toolbox of Retrospective Exercises,Luis Gonçalves,"Gonçalves, Luis",Ben Linders,"=""""","=""""",3,3.75,InfoQ and Leanpub (Self Published),ebook,76,2013,2013,2014/09/02,2014/08/31,my-background,my-background (#6),read,,,,1,,,0,,,,,
23016056,The Nature of Software Development,Ron Jeffries,"Jeffries, Ron",,"=""""","=""""",5,4.11,Pragmatic Programmers,,,,2015,2014/09/20,2014/09/10,"favorites, my-background","favorites (#3), my-background (#5)",read,"Tato kniha si neklade za cíl zavádět nějkou novou metodiku vývoje. Místo toho se autor snaží čtenáře seznámit s postupy, které se jemu osvědčili za 50 let praxe. Tyto metody úzce souvisí s agilním přístupem. Kniha se mi moc dobře četla a je doplněná i o zajímavé ilustace. Až bude tiskem, bude jistě součástí mého vánočního balíčku knih pro oblíbené manažery. :)",,,1,,,0,,,,,
21799444,Reactive Design Patterns,Roland Kuhn,"Kuhn, Roland",Jamie  Allen,"=""1617291803""","=""9781617291807""",4,3.60,Manning Publications Co.,ebook,325,2014,2014,2014/12/30,2014/10/28,my-background,my-background (#4),read,"Kniha zatím obsahuje jen první 3 kapitoly, které jsou i tak celkem obsáhlé. Reaktivní architektura je věc o kterou se zajímám již několik let a tak jsem si chtěl přečíst nějaký ucelený kousek na toto téma. A byla to poměrně dobrá volba. Autor je sice architektem Akka a tak často dochází k vychvalování Akky a Scaly, ale člověk to musí brát trochu s rezervou. Jde hlavně o architektonická řešení a postupy. technologie přicházejí a odcházejí a nejsou zas tak důležité...",,,1,,,0,,,,,
15834745,CSS Kaskádové styly: Kompletní průvodce,Petr Staníček,"Staníček, Petr",,"=""8072268724""","=""""",0,4.00,Computer Press,Paperback,178,2003,2003,2015/03/03,2015/03/03,"my-background, favorites","my-background (#3), favorites (#2)",read,,,,1,,,0,,,,,
22600901,Responsive & Fast : Implementing High-Performance Responsive Design,Guy Podjarny,"Podjarny, Guy",,"=""""","=""9781491906606""",4,3.71,O’Reilly,ebook,49,2014,2014,2015/03/26,2015/03/25,"my-background, favorites","my-background (#2), favorites (#1)",read,"Velmi krátká, ale zato úzce zaměřená kniha na to, jak dělat responsivní weby pořádně. Pro dokreslení technik RWD, aby to začalo dávat smysl, je to určitě must have.",,,1,,,0,,,,,
12910715,Designing for Emotion,Aarron Walter,"Walter, Aarron",,"=""""","=""9781937557003""",3,3.97,A Book Apart,Paperback,104,2011,2011,2015/04/16,2015/04/07,my-background,my-background (#1),read,"Určitě zajímavý pohled na to, jak přistupovat k designu a user experience. Case studies jsou zajímavé, jen už odstup těch několika let je celkem znát. Každopádně principy se nemění a jsou stále platné a o to jde. Určitě doporučuji přečíst.",,,1,,,0,,,,,
19104722,Puppet 3 Beginner's Guide,John Arundel,"Arundel, John",,"=""1782161252""","=""9781782161257""",0,3.72,Packt Publishing,ebook,204,2013,2013,,2014/01/02,to-read,to-read (#7),to-read,,,,0,,,1,,,unspecified,,
8686650,"Continuous Delivery: Reliable Software Releases Through Build, Test, and Deployment Automation",Jez Humble,"Humble, Jez",David  Farley,"=""0321601912""","=""9780321601919""",0,4.18,Addison-Wesley Professional,Hardcover,463,2010,2010,,2014/01/02,to-read,to-read (#30),to-read,,,,0,,,1,,,unspecified,,
343,Perfume: The Story of a Murderer,Patrick Süskind,"Süskind, Patrick",John E. Woods,"=""0140120831""","=""9780140120837""",0,4.02,Penguin Books,Paperback,263,1987,1985,,2014/09/23,to-read,to-read (#29),to-read,,,,0,,,0,,,,,
11502159,Koncernová pětiletka,Patrick Zandl,"Zandl, Patrick",,"=""9788087538""","=""""",4,4.09,Bookanyr,ebook,59,2011,2011,,2014/09/22,,,read,,,,1,,,0,,,,,
10188688,Flotila Země,Patrick Zandl,"Zandl, Patrick",,"=""""","=""2940000904534""",4,3.94,Patrick Zandl,Nook,206,2010,2006,,2014/09/22,,,read,,,,1,,,0,,,,,
6710247,The White Disease,Karel Čapek,"Čapek, Karel",Michael Henry Heim,"=""""","=""""",3,4.29,Theatre Communications Group,Paperback,63,1988,1937,,2014/09/22,,,read,,,,1,,,0,,,,,
1050948,Makropoulos Secret,Karel Čapek,"Čapek, Karel",,"=""0828314470""","=""9780828314473""",0,4.05,Branden Books,Paperback,,1925,1922,,2014/09/22,to-read,to-read (#28),to-read,,,,0,,,0,,,,,
23212601,Web ostrý jako břitva,Jan Řezáč,"Řezáč, Jan",,"=""""","=""9788087923016""",0,4.27,Baroque Partners,Paperback,214,2014,2014,,2014/09/22,to-read,to-read (#27),to-read,,,,0,,,0,,,,,
13455725,Open Advice,Lydia Pintscher,"Pintscher, Lydia",,"=""""","=""9781105514937""",0,3.53,,Paperback,308,2012,2012,,2014/09/10,to-read,to-read (#26),to-read,,,,0,,,0,,,,,
8694125,Alone Together: Why We Expect More from Technology and Less from Each Other,Sherry Turkle,"Turkle, Sherry",,"=""0465010210""","=""9780465010219""",0,3.63,Basic Books,Hardcover,360,2011,2011,,2014/09/10,to-read,to-read (#25),to-read,,,,0,,,0,,,,,
6278270,The Principles of Product Development Flow: Second Generation Lean Product Development,Donald G. Reinertsen,"Reinertsen, Donald G.",,"=""1935401009""","=""9781935401001""",0,4.17,Celeritas Publishing,Hardcover,276,2009,2009,,2014/09/10,to-read,to-read (#24),to-read,,,,0,,,0,,,,,
22605938,Working Effectively with Unit Tests,Jay Fields,"Fields, Jay",Michael C. Feathers,"=""""","=""""",0,3.98,leanpub,ebook,204,2014,2014,,2014/09/04,to-read,to-read (#23),to-read,,,,0,,,0,,,,,
18975021,The Original Reiki Handbook of Dr. Mikao Usui,Mikao Usui,"Usui, Mikao",Christine M. Grimm,"=""""","=""9780940676770""",3,4.27,Lotus Press,Kindle Edition,79,1999,1999,2013/12/26,2014/01/02,,,read,,,,1,,,1,,,unspecified,,
17403745,Manage Your Job Search,Johanna Rothman,"Rothman, Johanna",,"=""""","=""""",0,4.28,,ebook,,,2014,2014/08/31,2014/04/12,,,read,,,,1,,,0,,,,,
870572,How to Make Love All Night: And Drive a Woman Wild!,Barbara Keesling,"Keesling, Barbara",,"=""006092621X""","=""9780060926212""",0,3.85,William Morrow Paperbacks,Paperback,192,2007,1994,2014/08/31,2014/01/02,,,read,,,,1,,,1,,,unspecified,,
16145629,Kříž u potoka,Karolina Světlá,"Světlá, Karolina",,"=""""","=""""",0,4.01,Knihovnička,Paperback,220,,1968,2014/08/26,2014/08/25,,,read,,,,1,,,0,,,,,
10883803,Clojure Programming,Chas Emerick,"Emerick, Chas","Brian Carper, Christophe Grand","=""1449394701""","=""9781449394707""",0,4.16,O'Reilly Media,Paperback,630,2012,2011,,2014/01/04,to-read,to-read (#22),to-read,,,,0,,,0,,,,,
4414681,Foundations Of Logic Programming,J.W. Lloyd,"Lloyd, J.W.",,"=""0387132996""","=""9780387132990""",0,4.50,Springer,Hardcover,124,1984,1984,,2014/08/23,to-read,to-read (#21),to-read,,,,0,,,0,,,,,
12841318,"Datalog Reloaded: First International Workshop, Datalog 2010, Oxford, UK, March 16-19, 2010. Revised Selected Papers",Oege de Moor,"Moor, Oege de","Georg Gottlob, Tim Furche, Andrew Sellers","=""3642242057""","=""9783642242052""",0,0.0,Springer,Paperback,398,2011,2011,,2014/08/23,to-read,to-read (#20),to-read,,,,0,,,0,,,,,
18881447,The Moon-Voyage,Jules Verne,"Verne, Jules",,"=""""","=""""",3,3.55,,Kindle Edition,352,2012,2009,2014/08/09,2014/08/05,,,read,,,,1,,,0,,,,,
33411,War with the Newts,Karel Čapek,"Čapek, Karel","M. Weatherall, R. Weatherall, Ivan Klíma","=""0810114682""","=""9780810114685""",4,4.17,Northwestern University Press,Paperback,348,1996,1936,2011/01/01,2014/01/02,,,read,,,,1,,,1,,,unspecified,,
774928,"Rendezvous with Rama (Rama, #1)",Arthur C. Clarke,"Clarke, Arthur C.",,"=""0553287893""","=""9780553287899""",4,4.03,Spectra,Paperback,245,1990,,2012/12/01,2014/01/02,,,read,,,,1,,,1,,,unspecified,,
533653,Cloud Atlas,David Mitchell,"Mitchell, David",,"=""0340822775""","=""9780340822777""",5,4.00,Sceptre,Hardcover,531,2004,2004,2012/10/25,2014/01/02,,,read,,,,1,,,1,,,unspecified,,
337109,Paris in the Twentieth Century,Jules Verne,"Verne, Jules","Richard Howard, Eugen Weber","=""034542039X""","=""9780345420398""",4,3.38,Del Rey,Paperback,222,1997,1994,2013/05/02,2014/01/02,,,read,,,,1,,,1,,,unspecified,,
11468377,"Thinking, Fast and Slow",Daniel Kahneman,"Kahneman, Daniel",,"=""0374275637""","=""9780374275631""",0,4.16,"Farrar, Straus and Giroux",Hardcover,499,2011,2011,,2014/08/01,to-read,to-read (#19),to-read,,,,0,,,0,,,,,
15811999,Introducing Erlang: Getting Started in Functional Programming,Simon St. Laurent,"Laurent, Simon St.",,"=""1449331769""","=""9781449331764""",0,3.81,O'Reilly Media,Paperback,204,2013,2012,,2014/08/01,to-read,to-read (#18),to-read,,,,0,,,0,,,,,
17971957,Programming Elixir: Functional |> Concurrent |> Pragmatic |> Fun,Dave Thomas,"Thomas, Dave",,"=""1937785580""","=""9781937785581""",0,4.29,The Pragmatic Bookshelf,Paperback,287,2013,2013,,2014/08/01,to-read,to-read (#17),to-read,,,,0,,,0,,,,,
67825,Peopleware: Productive Projects and Teams,Tom DeMarco,"DeMarco, Tom",Timothy R. Lister,"=""0932633439""","=""9780932633439""",0,4.17,"Dorset House Publishing Company, Incorporated",Paperback,245,1999,1987,,2014/04/12,to-read,to-read (#16),to-read,,,,0,,,0,,,,,
17623617,The Joy of Clojure,Michael Fogus,"Fogus, Michael",Chris Houser,"=""1617291412""","=""9781617291418""",4,4.18,Manning Publications,Paperback,477,2014,2010,,2014/04/24,currently-reading,currently-reading (#1),currently-reading,,,,1,,,0,,,,,
112520,"Rama II (Rama, #2)",Arthur C. Clarke,"Clarke, Arthur C.",Gentry Lee,"=""2290032042""","=""9782290032046""",4,3.69,J'ai lu,Paperback,480,1996,1989,2014/02/01,2014/02/09,,,read,,,,1,,,0,,,,,
19052163,Příběh strýčka Martina,Patrick Zandl,"Zandl, Patrick",,"=""""","=""""",5,3.83,,ebook,,2013,2013,2014/01/09,2014/01/02,,,read,,,,1,,,0,,,,,
4102,Practices of an Agile Developer: Working in the Real World,Venkat Subramaniam,"Subramaniam, Venkat",Andy Hunt,"=""097451408X""","=""9780974514086""",0,3.88,Pragmatic Bookshelf,Paperback,189,2006,2006,,2014/01/02,to-read,to-read (#15),to-read,,,,0,,,0,,,,,
4268826,"Growing Object-Oriented Software, Guided by Tests",Steve  Freeman,"Freeman, Steve",Nat Pryce,"=""0321503627""","=""9780321503626""",0,4.19,Addison-Wesley Professional,Paperback,345,2009,2009,,2014/01/02,to-read,to-read (#14),to-read,,,,0,,,1,,,unspecified,,
3226758,Real World Haskell: Code You Can Believe In,Bryan O'Sullivan,"O'Sullivan, Bryan","John Goerzen, Donald Bruce Stewart","=""0596514980""","=""9780596514983""",0,3.92,O'Reilly Media,Paperback,720,2008,2008,,2014/01/02,to-read,to-read (#13),to-read,,,,0,,,1,,,unspecified,,
17152732,Vagrant: Up and Running,Mitchell Hashimoto,"Hashimoto, Mitchell",,"=""1449335837""","=""9781449335830""",0,3.75,O'Reilly Media,Paperback,158,2013,2013,,2014/01/02,to-read,to-read (#12),to-read,,,,0,,,1,,,unspecified,,
15808117,Programming F# 3.0,Chris Smith,"Smith, Chris",,"=""1449320295""","=""9781449320294""",0,3.82,O'Reilly Media,Paperback,476,2012,2009,,2014/01/02,to-read,to-read (#11),to-read,,,,0,,,1,,,unspecified,,
101753,Buddhism: The Path to NIRVana,Robert C. Lester,"Lester, Robert C.",,"=""1577660137""","=""9781577660132""",0,3.36,Waveland Press,Paperback,160,1998,1987,,2014/01/02,to-read,to-read (#10),to-read,,,,0,,,1,,,unspecified,,
18492373,Clojure Cookbook: Recipes for Functional Programming,Luke VanderHart,"VanderHart, Luke",Avery Ryan Quinn,"=""1449366171""","=""9781449366179""",0,3.72,O'Reilly Media,Paperback,450,2014,2014,,2014/01/02,to-read,to-read (#9),to-read,,,,0,,,1,,,unspecified,,
19898424,Working Effectively with Legacy Code,Michael C. Feathers,"Feathers, Michael C.",,"=""""","=""""",0,4.14,Prentice Hall,Kindle Edition,456,2004,2004,,2014/01/02,to-read,to-read (#8),to-read,,,,0,,,1,,,unspecified,,
18652730,What Is Node?,Brett McLaughlin,"McLaughlin, Brett",,"=""""","=""""",0,3.39,O'Reilly Media,Kindle Edition,25,2011,2011,,2014/01/02,to-read,to-read (#6),to-read,,,,0,,,1,,,unspecified,,
6166611,Real-World Functional Programming: With Examples in F# and C#,Tomas Petricek,"Petricek, Tomas",Jon Skeet,"=""1933988924""","=""9781933988924""",0,3.90,Manning Publications,Paperback,500,2010,2009,,2014/01/02,to-read,to-read (#5),to-read,,,,0,,,1,,,unspecified,,
17610214,Functional Programming Patterns in Scala and Clojure: Write Lean Programs for the JVM,Michael Bevilacqua-Linn,"Bevilacqua-Linn, Michael",,"=""1937785475""","=""9781937785475""",0,3.09,"The Pragmatic Programmers, LLC",Paperback,250,2013,2013,,2014/01/02,to-read,to-read (#4),to-read,,,,0,,,1,,,unspecified,,
18592215,Programming Sound with Pure Data,Tony Hillerson,"Hillerson, Tony",,"=""1937785661""","=""9781937785666""",0,4.00,Pragmatic Programmers,Paperback,200,2014,2014,,2014/01/02,to-read,to-read (#3),to-read,,,,0,,,1,,,unspecified,,
18632404,Effective Programming: More Than Writing Code,Jeff Atwood,"Atwood, Jeff",,"=""""","=""""",0,3.92,Hyperink - Guide to Effective Programming,Kindle Edition,279,2012,2012,,2014/01/02,to-read,to-read (#2),to-read,,,,0,,,1,,,unspecified,,
19391967,Instant Nancy Web Development,Christian Horsdal,"Horsdal, Christian",,"=""1783283920""","=""9781783283927""",0,3.38,Packt Publishing,ebook,74,2013,2013,,2014/01/02,to-read,to-read (#1),to-read,,,,0,,,1,,,unspecified,,
1540877,"The Castle of the Carpathians (Extraordinary Voyages, #37)",Jules Verne,"Verne, Jules",,"=""""","=""""",4,3.62,Fredonia Books,Hardcover,211,2001,1892,,2014/01/02,,,read,,,,1,,,1,,,unspecified,,
382900,The Complete Illustrated Kama Sutra,Mallanaga Vātsyāyana,"Vātsyāyana, Mallanaga",Lance Dane,"=""0892811382""","=""9780892811380""",4,3.48,Inner Traditions,Hardcover,320,2003,300,,2014/01/02,,,read,,,,1,,,1,,,unspecified,,
1138702,Taras Bulba,Nikolai Gogol,"Gogol, Nikolai","Peter Constantine, Robert D. Kaplan","=""0679642552""","=""9780679642558""",4,3.71,Modern Library,Hardcover,176,2003,1835,,2014/01/02,,,read,,,,1,,,0,,,,,
70156,Patterns of Enterprise Application Architecture,Martin Fowler,"Fowler, Martin","David Rice, Matthew Foemmel, Edward Hieatt, Robert Mee, Randy Stafford","=""0321127420""","=""9780321127426""",0,4.11,Addison-Wesley Professional,Hardcover,533,2002,2002,,2014/01/02,,,read,,,,1,,,1,,,unspecified,,
